"DiamondLogId";"UniqueUserId";"DiamondTotal";"PaymentType";"DiamondUsage";"UsageDate"
"002ed8dc-640b-47d4-8303-7776357659ef";"43";"5";"topup";"topup 5 diamond";"2019-10-09 02:40:10"
"006c3269-1698-4f03-980d-737843ec4b88";"128";"5";"charge";"Video Tryout Registration: TryOut UTBK 2020 #1 - Saintek STG 66bf941f-17f7-4c60-b330-b8a9b5fe4be4";"2019-12-25 19:36:54"
"008a072a-f34c-450d-9146-eb8a5de1b344";"126";"5";"topup";NULL;"2019-10-13 04:33:13"
"00a66721-bbc5-42c0-bef7-6f3277b8774b";"128";"5";"charge";"Full Tryout Registration: TryOut UTBK 2020 #1 - Saintek STG 66bf941f-17f7-4c60-b330-b8a9b5fe4be4";"2019-10-29 01:15:46"
"02217139-d373-403b-a040-d384231d73c4";"127";"10";"charge";"Konseling 1on1 reservation";"2019-10-28 04:31:43"
"023b527f-d0fa-4899-931d-de7d4442a501";"25";"5";"topup";NULL;"2019-10-13 03:10:33"
"04082bca-3037-4f97-874d-b86d27a0af06";"97";"5";"charge";"Full Tryout Registration: TryOut UTBK 2020 #1 - Saintek 66bf941f-17f7-4c60-b330-b8a9b5fe4be4";"2019-10-09 11:16:03"
"04d2802a-d219-4af6-9395-c0903e835ef7";"107";"5";"topup";NULL;"2019-10-12 12:13:33"
"04fea08e-205f-4778-ac27-54aeacc86f22";"129";"5";"charge";"Full Tryout Registration: TryOut UTBK 2020 #1 - Saintek STG 66bf941f-17f7-4c60-b330-b8a9b5fe4be4";"2019-11-09 04:14:36"
"051e8124-deef-42be-b54e-1ee1d2b9fe16";"7";"5";"charge";"Konseling 1on1 reservation";"2019-12-16 06:55:20"
"0526258b-1778-4b4f-9adc-a77af1771740";"127";"5";"charge";"Aptitude test reservation";"2019-11-14 05:20:02"
"05355f64-c259-4451-9003-752a0c401d4d";"127";"3";"charge";"Full Tryout Registration: TryOut UTBK 2020 #3 - Soshum STG de9b4a69-865b-497a-87b5-90cfcff42ea6";"2019-12-19 03:49:22"
"06de0bd2-69bb-4663-84e4-31d96910f564";"127";"5";"charge";"Aptitude test reservation";"2019-11-13 03:45:54"
"0772b892-b26b-4213-ae6e-a361d0b3f333";"123";"5";"topup";NULL;"2019-10-09 09:41:58"
"077e559c-33c4-4ccb-91ce-3d839c27c2ab";"118";"5";"topup";NULL;"2019-10-13 04:33:11"
"085c6620-5b07-4b71-b7d1-1f3de8d22017";"123";"5";"topup";NULL;"2019-12-03 07:38:43"
"08c101e1-2468-4ff8-8189-d943c6c08474";"127";"5";"charge";"Konseling 1on1 reservation";"2019-11-20 07:34:56"
"095a7065-984c-4f15-8e03-3927b97e2028";"127";"10";"charge";"Konseling 1on1 reservation";"2019-11-15 09:37:24"
"097d818d-178d-4566-b6e3-1e47ca084eb3";"135";"5";"charge";"Aptitude test reservation";"2019-11-28 08:58:51"
"0a8623cd-d99b-47a0-9c07-a71b8081ac7d";"123";"45";"topup";NULL;"2020-01-02 07:41:51"
"0b22783d-8a5f-49ce-8a45-a4ca39fd3fe0";"127";"5";"charge";"Aptitude test reservation";"2019-11-25 04:20:45"
"0b72f9df-be1f-47df-9565-8e3706a97107";"127";"10";"charge";"Konseling 1on1 reservation";"2019-10-30 13:43:21"
"0b801b3b-928e-4042-899e-171815e7bbcf";"123";"0";"charge";"Pending Tryout Registration: TryOut UTBK 2020 #3 - IPC STG 2f915617-0dfd-4e3f-a392-c3fc8df0ecb7";"2019-12-13 12:56:43"
"0c4c9e9c-144a-439a-afe4-b1653e727a55";"135";"10";"charge";"Konseling 1on1 reservation";"2019-10-31 03:48:02"
"0d1d3fbd-965d-4063-9c7a-363826578307";"125";"5";"topup";NULL;"2019-10-13 04:33:12"
"0dbec9bd-a1af-4e81-985b-239851509b12";"123";"5";"topup";"topup 5 diamond";"2019-10-09 03:52:29"
"0e215f44-ec60-467c-9e21-535a5ac0c561";"12";"5";"topup";NULL;"2019-10-13 03:10:29"
"0e4d3579-0810-41e2-aeda-40dc0d880119";"127";"5";"charge";"Aptitude test reservation";"2019-11-13 10:33:54"
"0f632d40-f524-4825-b859-b5ae90ffe688";"127";"5";"charge";"Konseling 1on1 reservation";"2019-11-20 07:45:30"
"0fc97d55-5883-437a-bee2-e8560f9f3b26";"43";"5";"charge";"Full Tryout Registration: TryOut UTBK 2020 #1 - Soshum a705ffc8-6eed-407b-b02b-9b86bd31a252";"2019-10-17 02:27:34"
"0fd39636-9176-44c0-83fa-cd742394106c";"3";"5";"topup";NULL;"2019-10-13 04:33:07"
"0fd58885-425d-4a14-855f-a7db17144287";"127";"5";"charge";"Aptitude test reservation";"2019-11-13 10:34:27"
"106b584e-d620-4f61-a310-61afea72029d";"155";"3";"charge";"Full Tryout Registration: TryOut UTBK 2020 #3 - Soshum STG de9b4a69-865b-497a-87b5-90cfcff42ea6";"2020-01-09 10:29:31"
"10852565-0489-4266-8ad9-3c9d099b3a32";"23";"5";"topup";NULL;"2019-10-12 12:13:24"
"114866d8-f8c0-42a6-b7de-beb4f05065ca";"129";"5";"charge";"Full Tryout Registration: TEST TryOut UTBK 2020 #2 - Saintek STG 3910cbc4-ecd6-477c-b158-bd3064d3451a";"2019-11-17 18:45:30"
"1235fed5-99a5-4e49-9aa1-7434a4188be2";"127";"5";"charge";"Konseling 1on1 reservation";"2019-11-18 07:36:05"
"12b9466b-0994-4756-98f4-11608b10835a";"127";"10";"charge";"Konseling 1on1 reservation";"2019-11-01 03:22:13"
"13116fed-2a0c-4bb7-a416-d8c79437a154";"127";"10";"charge";"Konseling 1on1 reservation";"2019-10-31 03:37:44"
"13df9268-3581-428e-bc9d-3beebb203645";"32";"5";"topup";NULL;"2019-10-12 12:13:24"
"13f52c29-848d-49d1-88c3-0b757760d468";"135";"5";"charge";"Aptitude test reservation";"2019-11-27 03:12:15"
"144bd1d3-0476-4b86-a867-f7a7da132f55";"120";"5";"topup";NULL;"2019-10-12 10:40:21"
"14556174-ef9f-440d-aa89-0210bd8557c3";"123";"5";"topup";NULL;"2020-01-06 06:12:02"
"154b160f-5af7-40c4-87cf-6b6883517a52";"135";"5";"charge";"Aptitude test reservation";"2019-11-27 10:58:22"
"155ad1db-e6ee-44d1-9074-b933a87695f4";"7";"3";"charge";"Full Tryout Registration: TryOut UTBK 2020 #3 - Saintek STG 2adb73ac-f35e-4657-9c09-8db9cc02c1a4";"2020-01-09 02:44:01"
"15ab29f3-79f1-43fc-93c4-8e8252051408";"127";"5";"charge";"Konseling 1on1 reservation";"2019-11-20 03:27:53"
"161c5a92-b9c3-4be8-af61-13e49515f874";"155";"3";"charge";"Full Tryout Registration: TryOut UTBK 2020 #3 - IPC STG 2f915617-0dfd-4e3f-a392-c3fc8df0ecb7";"2020-01-07 06:25:22"
"16939d41-16d3-4f8d-a44f-8e35cc959228";"127";"5";"charge";"Aptitude test reservation";"2019-11-25 06:51:13"
"16c4e24f-c443-4508-a91e-8255533eb070";"142";"3";"charge";"Full Tryout Registration: TryOut UTBK 2020 #3 - Saintek STG 2adb73ac-f35e-4657-9c09-8db9cc02c1a4";"2019-12-12 10:21:42"
"16f2d2d1-2afe-4a0f-b351-91da0276e2fb";"127";"10";"charge";"Konseling 1on1 reservation";"2019-10-29 09:02:11"
"1768d47d-58cb-437e-9828-7cc13e7d491a";"127";"5";"charge";"Aptitude test reservation";"2019-11-25 07:24:47"
"179d6162-139a-49f5-928c-3042ea1b5364";"125";"5";"topup";NULL;"2019-10-12 12:13:33"
"17cd857a-3ddd-4c6e-936d-6c0791d48ccc";"127";"5";"charge";"Aptitude test reservation";"2019-11-25 07:45:26"
"187aa1c4-3c5b-4082-9597-16d349ea0837";"127";"10";"charge";"Konseling 1on1 reservation";"2019-10-28 07:10:07"
"1898ef10-80da-41c5-9b00-0be3a80348d4";"127";"10";"charge";"Manual Booking: Konseling 1on1";"2019-10-23 04:02:25"
"18e96622-06fa-418c-b084-c5008df6ced9";"135";"10";"charge";"Konseling 1on1 reservation";"2019-10-31 03:49:49"
"19072c88-b422-48c9-b780-34b5c370d260";"22";"5";"topup";NULL;"2019-10-13 04:33:08"
"19096980-5523-4be8-b6ca-2453c791b29c";"127";"10";"charge";"Konseling 1on1 reservation";"2019-10-28 05:21:24"
"1910bc98-4427-45d2-9a5b-77f9f3d56e15";"117";"5";"topup";NULL;"2019-10-13 04:33:10"
"196d6cda-492c-4ac6-a355-65478a852924";"127";"5";"charge";"Konseling 1on1 reservation";"2019-11-20 08:02:12"
"19aed9ea-adbf-4e37-941d-066da79e83c0";"127";"10";"charge";"Konseling 1on1 reservation";"2019-10-30 13:43:23"
"1a5e5e22-5748-40be-b52e-a7cd19be27ce";"150";"5";"charge";"Full Tryout Registration: TEST TryOut UTBK 2020 #2 - Saintek STG 3910cbc4-ecd6-477c-b158-bd3064d3451a";"2019-12-19 07:57:34"
"1b4881a8-ab20-4885-990c-c4e0856f590a";"123";"5";"topup";NULL;"2019-12-04 03:59:02"
"1bd4026d-dd32-478c-b6b6-7584a9959eb9";"127";"5";"charge";"Konseling 1on1 reservation";"2019-11-19 04:08:29"
"1c0995ce-176d-42ea-a244-65886c6745a7";"127";"10";"charge";"Konseling 1on1 reservation";"2019-11-15 09:20:07"
"1d218ff4-9273-405f-b29f-2157e9f04f10";"127";"10";"charge";"Konseling 1on1 reservation";"2019-10-28 06:49:39"
"1d7c2bd2-4dd4-49c8-bdad-bb5060e7d454";"127";"5";"charge";"Aptitude test reservation";"2019-11-25 07:37:26"
"1d959bc1-866d-4547-9f29-4197805f8bf2";"127";"5";"charge";"Konseling 1on1 reservation";"2019-11-22 04:01:30"
"1edbd5d6-03f0-46d6-8c40-a1ce39dd4ebf";"142";"3";"charge";"Full Tryout Registration: TryOut UTBK 2020 #3 - Saintek STG 2adb73ac-f35e-4657-9c09-8db9cc02c1a4";"2019-12-12 09:54:51"
"206b1954-a819-4c2d-bc4f-16d127c9bfde";"127";"5";"charge";"Aptitude test reservation";"2019-11-25 10:34:59"
"20a2d653-a256-48c0-a7fb-79f83b0a04ba";"135";"5";"charge";"Aptitude test reservation";"2019-11-26 03:29:51"
"20af80ac-4827-4153-b61c-797404b5a831";"43";"5";"topup";NULL;"2019-10-13 04:33:09"
"21a76744-6246-4f27-b1e5-a49976e22b47";"123";"5";"topup";NULL;"2020-01-06 05:37:23"
"21e41ac8-d230-4771-957e-5e9aafa75ac9";"135";"5";"charge";"Aptitude test reservation";"2019-12-10 07:05:09"
"2219db94-1116-4dc4-8fc3-ae0734aef813";"127";"5";"charge";"Aptitude test reservation";"2019-12-19 04:24:50"
"2292829a-b601-44d0-a525-4925a0a67547";"129";"5";"charge";"Full Tryout Registration: TryOut UTBK 2020 #1 - Soshum STG a705ffc8-6eed-407b-b02b-9b86bd31a252";"2019-11-07 20:38:51"
"22a01703-88ae-4aee-b94a-6a97f78ce814";"127";"5";"charge";"Aptitude test reservation";"2019-12-11 10:35:45"
"23fe539e-b768-4dab-a4db-47ed4758aaf9";"24";"0";"charge";"Free Tryout Registration: TryOut UTBK 2020 #1 - Saintek 66bf941f-17f7-4c60-b330-b8a9b5fe4be4";"2019-10-14 11:18:31"
"256569ca-9d72-4c34-96b2-76674a69ca24";"127";"5";"charge";"Konseling 1on1 reservation";"2019-11-19 10:52:46"
"256f3d88-c259-4975-bb1c-69222fc9ec3b";"97";"5";"topup";"topup 5 diamond";"2019-10-09 02:48:55"
"25a3e83e-d240-4268-bea4-c624fc12ca2f";"123";"1";"topup";NULL;"2019-10-09 09:25:37"
"25e96494-dfbc-4484-802b-5ad3ef1da524";"108";"5";"topup";NULL;"2019-10-12 12:13:31"
"260ce4fe-2184-4b42-86ea-fb6f8aa6121d";"43";"5";"topup";NULL;"2019-10-12 12:13:26"
"26a442b6-46a0-419f-831a-6ae60d9b62b0";"123";"5";"topup";NULL;"2019-12-04 07:15:15"
"26a6b281-be8c-41dc-adc3-7c07f10d1077";"135";"5";"charge";"Aptitude test reservation";"2019-11-27 06:58:15"
"274d47fa-dac8-45e8-a14b-2a6f2732e892";"123";"1";"charge";"Tryout UTBK";"2019-10-07 06:43:41"
"28cdaf27-644d-4f73-afe4-a79edf1714bf";"123";"5";"charge";"Tryout UTBK";"2019-10-24 08:52:17"
"2965f0a2-1e3a-4920-8f04-d79d9cdd6dee";"129";"5";"charge";"Full Tryout Registration: TEST TryOut UTBK 2020 #2 - Saintek STG 3910cbc4-ecd6-477c-b158-bd3064d3451a";"2019-12-18 09:56:18"
"2a502ebb-1afd-4aee-a9db-44aed8eb6e5d";"127";"5";"charge";"Konseling 1on1 reservation";"2019-11-20 07:26:36"
"2a5f5f8f-706b-49ef-af31-5c89c99c0728";"127";"0";"charge";"ASF";"2019-10-30 13:47:43"
"2b568dae-965a-40e9-a146-019cce961f0a";"127";"10";"charge";"Konseling 1on1 reservation";"2019-10-30 13:35:08"
"2bba77fa-240d-4983-8fde-c69ead5064d6";"7";"5";"topup";NULL;"2019-10-11 10:15:15"
"2d1a9990-acde-4605-9d02-b0ef4b412b32";"150";"0";"charge";"Pending Tryout Registration: TryOut UTBK 2020 #3 - Saintek STG 2adb73ac-f35e-4657-9c09-8db9cc02c1a4";"2020-01-03 04:10:59"
"2d68c99c-5264-4b25-b844-1fd59def1de8";"129";"5";"topup";NULL;"2019-10-13 04:33:13"
"2dcf12ea-65e2-486a-a094-1a98e4ddc53f";"43";"3";"charge";"Full Tryout Registration: TryOut UTBK 2020 #3 - Saintek STG 2adb73ac-f35e-4657-9c09-8db9cc02c1a4";"2019-12-14 18:07:51"
"2e215524-f00f-4174-8f10-094c405e148e";"127";"0";"charge";"Full Tryout Registration: Test PAS Semester 1 358e5fca-1ece-4735-8003-e429c08b86ab";"2019-11-29 06:51:23"
"2ed9c234-96f9-41a5-ae7f-f8e48e54a01c";"135";"10";"charge";"Konseling 1on1 reservation";"2019-10-31 03:23:11"
"2f15f893-483e-4de0-8c6a-cee80020456e";"127";"5";"charge";"Konseling 1on1 reservation";"2019-11-20 04:31:40"
"312acc75-9713-481d-a9f6-7a5cf5250806";"139";"0";"charge";"Pending Tryout Registration: TryOut UTBK 2020 #3 - Saintek STG 2adb73ac-f35e-4657-9c09-8db9cc02c1a4";"2019-12-17 07:21:54"
"31788c84-5e64-4a7d-b5c3-abae3d59d0e2";"25";"5";"topup";NULL;"2019-10-13 04:33:09"
"3213bb80-962b-4559-b972-01e816dc0792";"127";"5";"charge";"Konseling 1on1 reservation";"2019-11-19 07:45:44"
"3232ef67-bc31-4ec8-a3cb-9fa2f80daea8";"104";"5";"charge";"Full Tryout Registration: TryOut UTBK 2020 #1 - Soshum STG a705ffc8-6eed-407b-b02b-9b86bd31a252";"2019-11-09 08:06:35"
"329974e0-e9cb-46f7-ba03-95afdde2edc7";"107";"5";"topup";NULL;"2019-10-13 04:33:10"
"35f598e7-6a9f-4274-8b9d-0902a33f57c3";"84";"5";"topup";NULL;"2019-10-12 12:13:31"
"35f80482-298d-40c1-8708-58cfba78bfa8";"128";"5";"charge";"Aptitude test reservation";"2019-11-25 03:55:06"
"364e3fe1-fab0-4d5c-9e3f-7e4523684050";"127";"10";"charge";"Konseling 1on1 reservation";"2019-10-30 11:43:15"
"36537ffe-e492-4e6e-9d2b-600fee3a5b17";"127";"10";"charge";"Konseling 1on1 reservation";"2019-10-30 13:43:19"
"36bc4a4e-db16-4cc5-8b70-45b2dbb58182";"117";"5";"topup";NULL;"2019-10-13 03:10:40"
"385f1562-0b9b-4a1b-a4fe-f867aa1b2d76";"123";"5";"topup";NULL;"2020-01-10 03:51:10"
"38a7d194-7c32-4147-bbc3-af198ed6c88b";"125";"5";"topup";NULL;"2019-10-13 03:10:44"
"38aa8522-4654-48b3-96fc-2f7a7e92d519";"127";"5";"charge";"Aptitude test reservation";"2019-11-13 03:37:19"
"39122eb3-d2f9-4938-b9a3-07b51735a6d2";"104";"3";"charge";"Full Tryout Registration: TryOut UTBK 2020 #3 - IPC STG 2f915617-0dfd-4e3f-a392-c3fc8df0ecb7";"2020-01-07 07:20:02"
"395fd112-c71c-4d8c-85d3-a096fca47961";"123";"5";"topup";NULL;"2020-01-03 09:11:01"
"397460b6-c107-4553-a7a2-c19aee0e9cdb";"135";"5";"charge";"Aptitude test reservation";"2019-11-29 09:23:11"
"3b137483-b044-44bb-8710-9a1037965abc";"127";"0";"charge";"test";"2019-12-16 06:49:49"
"3bc55f53-924b-43c5-bed5-482cb64b296d";"118";"5";"topup";NULL;"2019-10-12 12:13:33"
"3cb46d6f-187d-460b-b038-28bba9398c33";"123";"1";"topup";NULL;"2019-10-09 09:28:14"
"3d3bcf84-c18d-4a67-9ff1-6d00f63ced56";"127";"10";"charge";"Konseling 1on1 reservation";"2019-10-29 07:42:28"
"3db41590-e6e2-4711-a268-3f16a4bfaf11";"128";"5";"charge";"Video Tryout Registration: TryOut UTBK 2020 #1 - Saintek STG 66bf941f-17f7-4c60-b330-b8a9b5fe4be4";"2019-12-25 19:24:57"
"3f292952-864c-410b-81a6-1d57894a7ca6";"127";"10";"charge";"Konseling 1on1 reservation";"2019-10-30 13:49:11"
"3fc742c0-bb00-4c57-b91d-a007c569d7ce";"119";"5";"topup";NULL;"2019-10-13 04:33:11"
"3fe01d95-3897-48d0-b657-63d6838ec89e";"97";"5";"topup";NULL;"2019-10-12 12:13:32"
"3ff8d1ed-33fe-4292-86cf-173697055c6a";"123";"5";"topup";NULL;"2019-10-09 11:05:40"
"40722f1c-1d57-4c8c-b3d4-71e59a5a36d5";"129";"0";"charge";"Full Tryout Registration: Test PAS Semester 1 358e5fca-1ece-4735-8003-e429c08b86ab";"2019-11-29 07:08:23"
"4096d81b-e098-4dcf-8453-148e89985eed";"84";"5";"topup";NULL;"2019-10-13 03:10:35"
"4144db6c-ee0f-45af-9f21-68d3759b5b8c";"108";"5";"topup";NULL;"2019-10-13 04:33:10"
"41bf986f-a548-4494-8e0c-4a207b8c6c76";"127";"5";"charge";"Konseling 1on1 reservation";"2019-11-20 07:45:51"
"41c335fa-06b5-4b12-87b9-ae92e9c00d0f";"127";"10";"charge";"Konseling 1on1 reservation";"2019-10-31 03:26:46"
"41ce1bc9-a607-42fb-aa8a-3f4aed2851ea";"127";"5";"charge";"Aptitude test reservation";"2020-01-12 11:50:13"
"423d1474-0896-44e3-8bea-0b58d6ea0cdc";"142";"5";"charge";"Full Tryout Registration: TryOut UTBK 2020 #1 - Saintek STG 66bf941f-17f7-4c60-b330-b8a9b5fe4be4";"2019-11-11 09:13:12"
"4337b499-acef-43be-9b5f-a48c483216e2";"119";"5";"topup";NULL;"2019-10-13 03:10:42"
"43eba7fa-5a63-4dd1-8581-716fb709d448";"127";"5";"charge";"Konseling 1on1 reservation";"2019-11-22 04:01:50"
"451d4440-11eb-4867-af3c-ff8f63bd69ce";"127";"5";"charge";"Aptitude test reservation";"2019-11-25 10:37:07"
"4525c770-6779-43dd-a30b-953ea58bf4ba";"130";"10";"charge";"Konseling 1on1 reservation";"2019-10-30 10:07:24"
"45875f7c-0df6-461b-834f-402e66a4b90b";"127";"5";"charge";"Konseling 1on1 reservation";"2019-11-22 04:05:21"
"46b5f7b2-9eb9-4b25-901b-ec30973fe5b6";"117";"5";"topup";NULL;"2019-10-12 12:13:31"
"47efd848-c9ec-463a-9a68-4ccc9da58958";"127";"5";"charge";"Aptitude test reservation";"2019-11-25 04:23:31"
"483a9fa2-f6dd-43bc-ad72-cb9c77c32eed";"127";"10";"charge";"Konseling 1on1 reservation";"2019-10-30 11:43:13"
"48966cfe-f0d9-4fb0-8f5b-ab53811db11a";"104";"5";"charge";"Full Tryout Registration: TryOut UTBK 2020 #1 - Soshum STG a705ffc8-6eed-407b-b02b-9b86bd31a252";"2019-11-08 04:27:35"
"4987aa25-04a4-4a12-9a56-77418cb07f66";"128";"5";"charge";"Video Tryout Registration: TryOut UTBK 2020 #1 - Saintek STG 66bf941f-17f7-4c60-b330-b8a9b5fe4be4";"2019-12-25 19:09:17"
"4990fa31-9e40-4c10-a6f7-c064c3fbe2f7";"43";"5";"topup";NULL;"2019-10-13 03:10:34"
"49add98e-19e5-4c76-9655-39b0436348d2";"21";"5";"topup";NULL;"2019-10-13 04:33:08"
"4a6823ea-ffcf-4245-8bd1-a175c027edab";"142";"5";"topup";NULL;"2019-11-11 09:31:54"
"4a98c470-e7c3-44a4-a018-d785a9df8726";"127";"5";"charge";"Aptitude test reservation";"2019-11-25 07:38:43"
"4ac21a30-9cc1-412b-9410-a1697b534a82";"123";"5";"topup";NULL;"2019-10-10 08:12:03"
"4ac636c6-01d8-4476-8936-f8988049d58a";"123";"5";"topup";NULL;"2020-01-10 03:54:29"
"4b823c4f-063c-4e00-ba5e-d0884a15a80e";"122";"5";"topup";NULL;"2019-10-13 03:10:43"
"4c03ac4c-27d7-442c-afbc-c671139949ef";"32";"5";"topup";NULL;"2019-10-13 03:10:33"
"4cec406c-173d-4d2c-b56e-1372a2da8e81";"127";"5";"charge";"Konseling 1on1 reservation";"2019-12-05 05:17:27"
"4e091d12-145f-44ce-9d48-dd548adf0fb8";"97";"5";"charge";"Full Tryout Registration: TryOut UTBK 2020 #1 - Saintek 66bf941f-17f7-4c60-b330-b8a9b5fe4be4";"2019-10-09 06:42:34"
"4e7e0c4e-b139-4245-971c-dfd55ab4673d";"104";"5";"topup";NULL;"2019-10-13 04:33:10"
"4f2c03b1-72f0-46ab-b559-55729ef3031a";"127";"5";"charge";"Aptitude test reservation";"2019-11-25 07:44:20"
"4f5681de-d4b0-43ac-981a-fa5698daa0b4";"123";"0";"charge";"Full Tryout Registration: Test PAS Semester 1 358e5fca-1ece-4735-8003-e429c08b86ab";"2019-12-03 03:09:42"
"4f8a1a97-05c2-4205-a17a-8458b8a97170";"127";"10";"charge";"Konseling 1on1 reservation";"2019-10-29 07:44:36"
"4f95ef5e-c804-4b3e-8cb6-9981a72fab1e";"47";"5";"topup";NULL;"2019-10-13 03:10:34"
"4fcc9e03-e7d9-4e10-a5e7-4bd914b1fea1";"7";"5";"topup";NULL;"2019-10-12 12:13:24"
"4fd541a4-7050-4912-8cfe-df679370798f";"104";"0";"charge";"Free Tryout Registration: TryOut UTBK 2020 #1 - Saintek 66bf941f-17f7-4c60-b330-b8a9b5fe4be4";"2019-10-10 07:26:17"
"506cf6ae-af3c-488e-baab-cf3d6790be6f";"127";"10";"charge";"Konseling 1on1 reservation";"2019-10-29 03:31:22"
"50ddfc86-124e-4a7c-89de-1429c9702ae9";"43";"3";"charge";"Full Tryout Registration: TryOut UTBK 2020 #3 - Soshum STG de9b4a69-865b-497a-87b5-90cfcff42ea6";"2019-12-11 19:59:21"
"51a780d9-e935-4f72-92fa-acc72047c186";"127";"10";"charge";"Konseling 1on1 reservation";"2019-10-30 10:58:17"
"524dd2a3-de5f-480f-8bd6-0853b806bb78";"127";"10";"charge";"Konseling 1on1 reservation";"2019-10-28 04:33:36"
"526cfb2f-323f-4e46-ac04-be1cec1f544a";"128";"5";"charge";"Video Tryout Registration: TryOut UTBK 2020 #1 - Saintek STG 66bf941f-17f7-4c60-b330-b8a9b5fe4be4";"2019-12-25 19:47:32"
"53218f46-fba6-4949-b00f-8a0f66029fbc";"127";"5";"charge";"Aptitude test reservation";"2019-11-13 10:04:07"
"53b39e36-77d8-4a93-98cf-d22bbf225bf5";"47";"5";"topup";NULL;"2019-10-13 04:33:09"
"53b8d936-e754-4334-addf-a48bf323d38d";"123";"1";"charge";"Tryout UTBK";"2019-10-07 06:44:18"
"54667104-0746-44aa-8081-61c510a7d208";"127";"5";"charge";"Konseling 1on1 reservation";"2019-12-05 06:18:05"
"54b297cd-0fe7-4e99-b6f8-ee4d1f9f700f";"142";"5";"topup";NULL;"2019-11-11 09:33:17"
"552efc65-8624-43f5-99e6-969810c854b2";"130";"5";"topup";NULL;"2019-10-13 04:33:13"
"5572b83b-d5cd-4c67-9261-98c2d8eb94ac";"104";"5";"charge";"Full Tryout Registration: TryOut UTBK 2020 #1 - Soshum STG a705ffc8-6eed-407b-b02b-9b86bd31a252";"2019-12-19 03:45:23"
"5594e8de-791a-42f8-ae6f-0190bd17a929";"123";"5";"topup";NULL;"2019-12-03 06:14:50"
"55e2ab1b-ca16-4eff-b75e-1a0120394c49";"142";"5";"topup";NULL;"2019-11-11 10:23:19"
"567a2643-c41b-4140-9a9a-9798b6caa27f";"155";"5";"charge";"Full Tryout Registration: TEST TryOut UTBK 2020 #2 - Saintek STG 3910cbc4-ecd6-477c-b158-bd3064d3451a";"2020-01-13 04:35:20"
"56b7c999-1bde-4402-bffb-2c8bbfae4d0f";"108";"5";"topup";NULL;"2019-10-13 03:10:39"
"56f00c2a-11f6-45e7-a2e5-092757d74e55";"142";"0";"charge";"Pending Tryout Registration: TryOut UTBK 2020 #3 - Soshum STG de9b4a69-865b-497a-87b5-90cfcff42ea6";"2019-12-13 10:37:32"
"5968dc80-0c8c-4d4a-9196-fbe7d2b959a2";"84";"5";"topup";NULL;"2019-10-13 04:33:10"
"59c0a103-5279-4023-987e-b01f64ff8d3b";"127";"0";"charge";"tes";"2019-12-28 13:25:40"
"59f9d178-7cbf-4c7b-9d7b-37b09e1dfe96";"24";"5";"topup";NULL;"2019-10-13 04:33:09"
"5a62af52-86bc-42c2-a4da-59401f8efd8d";"123";"5";"topup";NULL;"2020-01-03 09:28:22"
"5b5f7873-3154-4994-ac5b-b56691f5ec89";"127";"5";"charge";"Aptitude test reservation";"2019-11-25 07:34:37"
"5c38d845-7475-4e62-8aee-10c857a59e1e";"150";"0";"charge";"Pending Tryout Registration: TryOut UTBK 2020 #3 - Saintek STG 2adb73ac-f35e-4657-9c09-8db9cc02c1a4";"2020-01-03 03:58:25"
"5d1c2c7a-f712-4d7e-944c-42de123d978f";"123";"5";"topup";NULL;"2019-12-03 06:20:45"
"5db44c87-a66c-411d-8ac8-1db1d8b6d973";"127";"5";"charge";"Konseling 1on1 reservation";"2019-11-19 04:13:01"
"5de0f1e0-dec7-47ea-aa19-c5583147a97c";"135";"10";"charge";"Konseling 1on1 reservation";"2019-10-31 03:45:07"
"5e2b554b-fe61-498e-ae58-e0ffba283249";"129";"0";"charge";"Pending Tryout Registration: TryOut UTBK 2020 #3 - Saintek STG 2adb73ac-f35e-4657-9c09-8db9cc02c1a4";"2019-12-13 13:02:39"
"5e3ca830-cf1e-4709-bb80-6c07610f6c02";"127";"5";"charge";"Aptitude test reservation";"2019-11-13 04:05:45"
"5e6e9b29-b507-4a6c-bc74-88887b5d919c";"135";"5";"charge";"Aptitude test reservation";"2019-11-27 06:54:41"
"5f7e3d3b-6f50-4c89-8efe-f6ff7f2e3d60";"122";"5";"topup";NULL;"2019-10-13 04:33:12"
"5feaddd1-4462-4154-a4d5-454ff203b38c";"97";"5";"topup";NULL;"2019-10-09 10:01:25"
"60950197-6489-4abe-bca1-f95dd6c201a2";"123";"5";"topup";NULL;"2019-10-23 10:39:39"
"6162b974-e94e-46db-9b6c-ba52ef22e515";"23";"5";"topup";NULL;"2019-10-13 04:33:08"
"6171348d-fee1-4f01-a503-014db80b912a";"123";"5";"topup";NULL;"2019-11-28 07:23:39"
"61a4f060-2164-4067-bd96-d4473aea257d";"127";"10";"charge";"Konseling 1on1 reservation";"2019-11-15 06:56:06"
"6373caf7-d639-40e3-a48d-77a54ce7c432";"127";"10";"charge";"Konseling 1on1 reservation";"2019-10-28 10:33:00"
"63e5e441-6a28-46b8-a255-325ca231ee44";"128";"5";"topup";NULL;"2019-10-13 04:33:13"
"6512b4ac-c137-43a0-91c0-e38080d5873f";"23";"0";"charge";"Free Tryout Registration: TryOut UTBK 2020 #1 - Saintek 66bf941f-17f7-4c60-b330-b8a9b5fe4be4";"2019-10-14 11:18:30"
"65330f05-7234-4650-bba6-99ea19849712";"127";"10";"charge";"Konseling 1on1 reservation";"2019-10-30 13:34:42"
"6557022f-688e-42ac-92c2-8facc6157c83";"123";"5";"topup";NULL;"2020-01-03 10:03:20"
"657b3c9e-6e3d-440b-9538-7e4ef23517b5";"127";"5";"charge";"Aptitude test reservation";"2019-12-03 08:40:54"
"6655c9ae-acdf-4ead-81cb-b24166563ea4";"127";"5";"charge";"Aptitude test reservation";"2019-11-29 04:38:25"
"666dd42c-ea47-4efb-9ace-891b4a3cc43f";"104";"3";"charge";"Full Tryout Registration: TryOut UTBK 2020 #3 - Saintek STG 2adb73ac-f35e-4657-9c09-8db9cc02c1a4";"2019-12-12 03:43:31"
"670fdc36-19c8-4980-a886-f06f6f3962c5";"127";"10";"charge";"Konseling 1on1 reservation";"2019-11-01 03:50:57"
"67dfc4ae-a7cc-43e0-a6ac-949d53d23edd";"123";"5";"topup";NULL;"2020-01-03 10:16:21"
"68886a07-0c49-4ac2-9059-1e457962465c";"123";"5";"topup";NULL;"2019-10-10 02:11:02"
"69d548f4-bf93-45e4-bb22-eb50fa4cea18";"104";"0";"charge";"Free Tryout Registration: TryOut UTBK 2020 #1 66bf941f-17f7-4c60-b330-b8a9b5fe4be4";"2019-10-08 08:15:41"
"69e4bd71-9648-409b-89d0-c5818b4556da";"7";"5";"topup";NULL;"2019-10-11 10:08:40"
"6a1951c4-9b38-4ed0-8f93-627f67ffd5a6";"127";"5";"charge";"Konseling 1on1 reservation";"2019-11-19 09:40:03"
"6a640f47-d1da-4de7-a41f-5041bd2fbe07";"136";"5";"charge";"Full Tryout Registration: TryOut UTBK 2020 #1 - Soshum STG a705ffc8-6eed-407b-b02b-9b86bd31a252";"2019-10-17 18:17:51"
"6aecfb6f-e336-4921-98a9-5125f96d38cd";"130";"5";"topup";NULL;"2019-10-13 03:10:47"
"6b38b99d-8631-47b5-a0e0-1ea3a00af045";"123";"5";"charge";"Tryout UTBK";"2019-10-24 07:40:55"
"6b4ee0e1-2a82-4b98-88a1-be2526702bcb";"7";"10";"charge";"counseling 1:1";"2019-10-23 03:53:24"
"6bd20df0-f43f-48ac-a006-0e03f9d56495";"123";"6";"topup";"Coba topup";"2019-10-24 07:37:11"
"6cbfca7d-470a-4e78-8440-3445de13fd36";"127";"5";"charge";"Aptitude test reservation";"2019-11-13 10:02:22"
"6d6603f7-fa66-4c6a-a849-87cc2ff8f6dd";"142";"3";"charge";"Full Tryout Registration: TryOut UTBK 2020 #3 - Saintek STG 2adb73ac-f35e-4657-9c09-8db9cc02c1a4";"2019-12-12 09:33:57"
"6d8ae2cc-74a0-4317-88a1-cb66ea0484e4";"127";"5";"charge";"Konseling 1on1 reservation";"2019-11-20 07:28:03"
"6dc5b908-8b4f-4aa0-ac3f-f429faf66a3f";"97";"5";"charge";"Full Tryout Registration: TryOut UTBK 2020 #1 - Saintek 66bf941f-17f7-4c60-b330-b8a9b5fe4be4";"2019-10-09 08:39:53"
"6e127cce-7efc-4e10-9d7d-944ac168fa62";"127";"5";"charge";"Aptitude test reservation";"2019-11-25 07:46:33"
"6e8fdef6-2df0-4dfb-9187-3c8661281c53";"139";"5";"charge";"Full Tryout Registration: TryOut UTBK 2020 #1 - Saintek STG 66bf941f-17f7-4c60-b330-b8a9b5fe4be4";"2019-11-11 07:40:31"
"702cd09c-5f75-4596-99e5-d4e7f1814b90";"43";"10";"charge";"Manual Booking: Konseling 1on1";"2019-10-23 03:35:11"
"70dfa42f-9428-4f20-882d-0f353d83e9c5";"126";"5";"topup";NULL;"2019-10-13 03:10:45"
"7159f683-13f6-4d1f-ab0b-9d60b785c5fa";"123";"5";"topup";NULL;"2020-01-10 03:46:33"
"71f6520d-1573-49c8-b968-2fece0053a72";"135";"5";"charge";"Aptitude test reservation";"2019-11-29 10:40:26"
"727e4dd3-a802-4922-9b73-8a6c8ac69cd3";"127";"5";"charge";"Aptitude test reservation";"2019-11-13 03:39:13"
"72cbd907-0c64-416d-b4a2-41580f0d1dec";"43";"3";"charge";"Full Tryout Registration: TryOut UTBK 2020 #3 - IPC STG 2f915617-0dfd-4e3f-a392-c3fc8df0ecb7";"2019-12-11 20:43:22"
"72ef2e13-6cf5-4927-8feb-9945a8b8f00b";"127";"10";"charge";"Konseling 1on1 reservation";"2019-10-29 06:26:54"
"73316cd5-d3fe-4e8a-8ab3-755d34b968a0";"131";"5";"charge";"Full Tryout Registration: TryOut UTBK 2020 #1 - Saintek 66bf941f-17f7-4c60-b330-b8a9b5fe4be4";"2019-10-11 08:25:19"
"738685cf-e946-4007-8d49-94b3f07fd04d";"97";"5";"charge";"Full Tryout Registration: TEST TryOut UTBK 2020 #2 - Saintek STG 3910cbc4-ecd6-477c-b158-bd3064d3451a";"2019-12-09 08:20:46"
"740f4388-aace-45d4-82d9-661288b864c1";"104";"5";"charge";"Full Tryout Registration: TEST TryOut UTBK 2020 #2 - Saintek STG 3910cbc4-ecd6-477c-b158-bd3064d3451a";"2019-12-20 09:45:35"
"741ca870-daff-45c1-bcf5-8252f275f0b8";"135";"5";"charge";"Aptitude test reservation";"2019-11-28 07:56:20"
"7479c33e-7579-43a3-85c4-23cf42a8727f";"132";"5";"topup";NULL;"2019-12-04 10:26:13"
"74c57094-75be-4070-ae70-782ed75d1e43";"150";"0";"charge";"Pending Tryout Registration: TryOut UTBK 2020 #3 - Saintek STG 2adb73ac-f35e-4657-9c09-8db9cc02c1a4";"2020-01-03 04:17:36"
"757d5f74-ebf6-4fd8-8374-c883ddfe3734";"127";"5";"charge";"Konseling 1on1 reservation";"2019-11-20 04:21:16"
"75fe95e1-f258-401c-8842-50740d4a8dc3";"127";"10";"charge";"Konseling 1on1 reservation";"2019-11-15 09:54:51"
"768b6744-deb6-4605-9158-665946340286";"127";"5";"charge";"Aptitude test reservation";"2019-11-13 10:06:14"
"76b14e70-8327-4fbd-b6c5-cf43229d22e4";"127";"5";"charge";"Aptitude test reservation";"2019-11-13 10:00:36"
"76c0fc30-572b-473f-bed2-f81d2fd02c38";"154";"5";"topup";NULL;"2020-01-03 09:56:10"
"7799be4e-8ad3-424a-9296-70c2bcf95b08";"130";"5";"topup";NULL;"2019-10-12 12:13:33"
"77fb593f-e49a-4e43-8cb1-115ec5c4cbaa";"127";"5";"topup";NULL;"2019-10-12 12:13:33"
"78924f39-ce2e-4c16-893d-9d9f7454b92b";"142";"5";"charge";"Full Tryout Registration: TryOut UTBK 2020 #1 - Saintek STG 66bf941f-17f7-4c60-b330-b8a9b5fe4be4";"2019-11-11 09:32:05"
"7a8db961-4058-4f5b-a917-b63197b5bb21";"127";"5";"topup";NULL;"2019-10-13 03:10:45"
"7ad334d0-a645-4242-b5e8-dcff8fc25ed4";"154";"5";"topup";NULL;"2020-01-03 10:04:42"
"7bc6b4ec-abe1-44da-ad77-f345f6c7c32a";"123";"5";"topup";NULL;"2019-11-28 07:34:35"
"7c923059-cfab-404b-9341-023121792c40";"7";"5";"topup";NULL;"2019-10-13 03:10:28"
"7d12e9e5-7c1b-4a1f-a6fe-34d3c4952a5e";"3";"5";"topup";NULL;"2019-10-13 03:10:28"
"7dc68d9e-c2cf-443f-a252-a840667ca81d";"153";"5";"topup";NULL;"2020-01-03 09:54:12"
"7e181ebf-8584-4022-931c-ed936a6cca8c";"86";"5";"topup";NULL;"2019-10-12 12:13:32"
"7fe10484-0aa4-4f1d-8df9-5f7fb1d939b7";"127";"5";"charge";"Aptitude test reservation";"2019-11-25 10:37:47"
"7ff2afe0-3d97-4a23-a598-75a10b13200b";"121";"5";"topup";NULL;"2019-10-12 10:40:21"
"8100866b-5dd2-4ca0-9bd4-a711fb8fc93c";"142";"5";"charge";"Full Tryout Registration: TryOut UTBK 2020 #1 - Soshum STG a705ffc8-6eed-407b-b02b-9b86bd31a252";"2019-11-11 10:23:33"
"81ef1db3-6f36-4fa1-9254-71141c8bbb78";"127";"5";"charge";"Aptitude test reservation";"2019-11-25 07:42:44"
"821c999c-09b7-435f-8023-dcdaf7d49ac1";"131";"5";"topup";NULL;"2019-10-12 10:40:21"
"82d69b3c-d75b-4604-99b3-f994be63c78b";"127";"5";"charge";"Aptitude test reservation";"2019-11-13 09:17:28"
"8304b30e-b38f-4cdb-be9f-c63d69aae057";"107";"5";"topup";NULL;"2019-10-13 03:10:38"
"83471571-dd13-47aa-8af8-76b1164e4eef";"127";"5";"charge";"Konseling 1on1 reservation";"2019-11-19 04:12:17"
"8390ee5d-c935-431e-ac2e-692a3375c100";"128";"5";"charge";"Video Tryout Registration: TryOut UTBK 2020 #1 - Saintek STG 66bf941f-17f7-4c60-b330-b8a9b5fe4be4";"2019-12-25 19:16:32"
"83e85149-3fb6-4aab-9fb8-cd147265b0d3";"123";"5";"charge";"Tryout UTBK";"2019-10-24 07:37:12"
"854ad2eb-e480-49ef-9e1d-086429bed2b8";"127";"10";"charge";"Konseling 1on1 reservation";"2019-10-28 07:11:29"
"85a488bd-3781-4662-866b-422584b0520d";"123";"5";"topup";NULL;"2019-12-05 03:47:22"
"85ffc13b-5898-4805-bc4b-6f9490531e22";"123";"5";"topup";NULL;"2019-11-28 06:52:20"
"87bcd07e-f71e-4e5c-90f4-f5f82adc983e";"123";"5";"topup";NULL;"2019-12-03 07:36:59"
"88a5eed2-4004-4b5e-a885-09fe2496fa0d";"127";"5";"charge";"Aptitude test reservation";"2019-11-25 04:05:34"
"891161aa-bd57-4e67-8c01-468a6436d1da";"121";"5";"topup";NULL;"2019-10-13 04:33:12"
"891c8409-e51f-45a2-9d4d-26441991efd8";"150";"0";"charge";"Pending Tryout Registration: TryOut UTBK 2020 #3 - Saintek STG 2adb73ac-f35e-4657-9c09-8db9cc02c1a4";"2020-01-03 04:41:05"
"8921a03c-9d2a-4d70-bc58-12576581eb18";"43";"5";"charge";"Aptitude test reservation";"2019-12-21 05:31:16"
"89319d4f-666b-4c79-a534-0d5ae7977a21";"32";"5";"topup";NULL;"2019-10-13 04:33:09"
"894b02ee-b372-46cd-b0e5-bb89cd25ab26";"86";"5";"topup";NULL;"2019-10-13 03:10:35"
"89788a81-3ccd-44ad-aba0-7313ffb57cc4";"127";"5";"charge";"Konseling 1on1 reservation";"2019-11-20 07:41:24"
"897b087b-5d22-4315-b574-7958d7aba1ce";"135";"5";"charge";"Aptitude test reservation";"2019-12-19 04:15:35"
"89b78f78-109d-4bd3-9d9f-9518d9fab6b4";"25";"5";"topup";NULL;"2019-10-12 12:13:33"
"89bb3f60-5b23-4038-a80d-f6b7f1bc5259";"127";"5";"charge";"Aptitude test reservation";"2019-11-13 10:20:03"
"89ca6cb9-5717-494c-9641-8f23b80306b2";"135";"5";"charge";"Aptitude test reservation";"2019-11-28 08:53:09"
"89ed2b7c-e259-4b32-8a16-300555b92a00";"127";"10";"charge";"Konseling 1on1 reservation";"2019-11-12 07:06:05"
"8a814a60-8b23-49e0-b857-ac2c2bc0df01";"97";"5";"topup";NULL;"2019-10-13 04:33:10"
"8b0c6c26-b68f-4000-add1-6a936143f2b5";"135";"5";"charge";"Aptitude test reservation";"2019-11-29 10:43:58"
"8c8401ba-beab-4059-9198-d84a56d5027e";"155";"3";"charge";"Full Tryout Registration: TryOut UTBK 2020 #3 - Saintek STG 2adb73ac-f35e-4657-9c09-8db9cc02c1a4";"2020-01-06 11:31:33"
"8ca1cf74-3888-4f36-90af-8e69d19d03f2";"127";"5";"charge";"Aptitude test reservation";"2019-11-14 05:19:40"
"8cb187fa-d55f-4285-bd15-2b9e92070f5e";"132";"5";"topup";NULL;"2019-12-04 10:24:54"
"8cd8ff64-e504-4809-9db1-e224ecf343a7";"123";"5";"topup";NULL;"2019-12-04 03:49:32"
"8ce629fc-97ff-42c2-a1d6-577aa066f819";"127";"5";"charge";"Aptitude test reservation";"2019-11-13 03:02:16"
"8d75ca1b-e114-4eb6-8518-3afa4a204e5d";"127";"5";"charge";"Aptitude test reservation";"2019-11-25 10:33:18"
"8db4446d-2055-4e93-b48b-f1c9f07bdf2c";"127";"5";"charge";"Konseling 1on1 reservation";"2019-11-20 07:33:41"
"8e421975-7409-4f9c-8025-0ea63b83ff5d";"127";"5";"charge";"Aptitude test reservation";"2019-11-13 10:16:28"
"8e6ae3d7-1cdb-49f3-8da7-795702337737";"127";"10";"charge";"Konseling 1on1 reservation";"2019-10-30 13:49:17"
"8e7ef444-d72b-47f0-b161-a05f9914ae51";"135";"5";"charge";"Aptitude test reservation";"2019-12-10 07:31:05"
"8ee4da1e-fed5-4157-86d3-d20f289ec9a7";"135";"5";"charge";"Aptitude test reservation";"2019-11-27 03:14:15"
"8fa13d14-b3be-41fc-8dbb-4550773c8868";"123";"5";"topup";NULL;"2020-01-10 03:53:42"
"909f3b25-a0b9-4d1b-9e7e-81521d1ae583";"128";"5";"charge";"Video Tryout Registration: TryOut UTBK 2020 #1 - Saintek STG 66bf941f-17f7-4c60-b330-b8a9b5fe4be4";"2019-12-25 19:31:51"
"912208e8-b1ee-49c0-8cd1-c077e57ca703";"43";"5";"charge";"Full Tryout Registration: TEST TryOut UTBK 2020 #2 - Saintek STG 3910cbc4-ecd6-477c-b158-bd3064d3451a";"2019-11-15 12:07:33"
"91e92a57-3022-40b2-af49-017283abf78e";"127";"5";"charge";"Konseling 1on1 reservation";"2019-11-20 07:36:15"
"9227fbaa-c4c7-486e-82e4-295f66743966";"12";"5";"topup";NULL;"2019-10-13 04:33:07"
"92b29b48-d267-491d-a2bb-cab5811abb5e";"127";"10";"charge";"Konseling 1on1 reservation";"2019-10-29 08:57:46"
"937da61a-afc0-4adb-b909-f111927397f0";"127";"5";"charge";"Aptitude test reservation";"2019-11-25 04:24:49"
"945c3895-e551-4a2c-8ff5-952de6b6addb";"3";"5";"topup";NULL;"2019-10-12 12:13:24"
"94a42b5c-0d3c-48a0-94a2-e10427ca5a31";"104";"5";"topup";NULL;"2019-10-12 12:13:32"
"94db64f1-2656-4ac2-91b3-0b61fb01f9b3";"129";"5";"topup";NULL;"2019-10-13 03:10:47"
"9563a49e-5c18-41c6-ae1d-daaf5220366d";"128";"5";"topup";NULL;"2019-10-12 12:13:32"
"95872e6d-7767-45d8-aa1e-32a89ddf08d6";"121";"5";"topup";NULL;"2019-10-12 12:13:33"
"959c2543-4100-4d1f-a04b-b5d2337166ae";"123";"1";"topup";"Coba topup";"2019-10-07 06:44:17"
"95b6e0c9-c13b-41c8-95e8-bb014fd4ba58";"128";"3";"charge";"Full Tryout Registration: TryOut UTBK 2020 #3 - Soshum STG de9b4a69-865b-497a-87b5-90cfcff42ea6";"2019-12-19 03:43:05"
"95edfc37-5780-4f6a-a53f-86956667d33d";"12";"5";"topup";NULL;"2019-10-12 12:13:24"
"96129eb3-78d0-4d60-801d-47f3b3eef3de";"43";"3";"charge";"Full Tryout Registration: TryOut UTBK 2020 #3 - Saintek STG 2adb73ac-f35e-4657-9c09-8db9cc02c1a4";"2019-12-14 18:31:31"
"9773d743-1e61-4f98-a947-0b034f1eff77";"127";"5";"charge";"Aptitude test reservation";"2019-11-25 07:35:06"
"9856c6d8-8ad7-4d9a-9cbd-54b521fda4cd";"127";"5";"charge";"Aptitude test reservation";"2019-11-13 10:12:55"
"985bcd1d-2384-408a-a0e5-63d52f7b43e0";"127";"5";"charge";"Aptitude test reservation";"2019-11-13 10:09:40"
"98e26b72-e167-46f7-a96f-e8375568f405";"127";"10";"charge";"Konseling 1on1 reservation";"2019-10-30 13:43:19"
"98ea6d20-720d-4592-bf99-9deac3b79f79";"135";"5";"charge";"Aptitude test reservation";"2019-11-28 10:57:40"
"98fa63f8-e91d-43a6-84c5-cff92ec58bc7";"127";"10";"charge";"Manual Booking: Konseling 1on1";"2019-10-28 03:38:39"
"9935554c-6973-450c-a410-28836bdf43d4";"150";"0";"charge";"Pending Tryout Registration: TryOut UTBK 2020 #3 - Saintek STG 2adb73ac-f35e-4657-9c09-8db9cc02c1a4";"2020-01-03 04:48:41"
"9958b7b8-8087-41d0-bacc-201f3280e410";"121";"5";"topup";NULL;"2019-10-13 03:10:43"
"997af073-bc67-4676-96e2-1cff8c4728ac";"7";"45";"topup";NULL;"2019-12-12 04:29:32"
"99b077c2-858d-4dc3-bf7b-73a1cdaf62bf";"135";"5";"charge";"Aptitude test reservation";"2019-12-10 06:38:55"
"99c397c4-3480-48c9-b24c-e05fb6ee28bb";"128";"5";"charge";"Video Tryout Registration: TryOut UTBK 2020 #1 - Saintek STG 66bf941f-17f7-4c60-b330-b8a9b5fe4be4";"2019-12-24 08:22:51"
"9acbd22e-55f3-4167-ac73-93715751220c";"97";"0";"charge";"Full Tryout Registration: Test PAS Semester 1 358e5fca-1ece-4735-8003-e429c08b86ab";"2019-11-29 13:20:40"
"9ad2ec5b-f959-40fd-a1f4-3f2204885c1a";"127";"10";"charge";"Konseling 1on1 reservation";"2019-10-31 03:30:58"
"9d88b952-b2da-4d8d-a545-abe9ff747383";"129";"0";"charge";"Pending Tryout Registration: TryOut UTBK 2020 #3 - IPC STG 2f915617-0dfd-4e3f-a392-c3fc8df0ecb7";"2019-12-13 13:09:59"
"9d947511-b7bf-4657-bfe4-1bdb66af64db";"135";"5";"charge";"Aptitude test reservation";"2019-12-13 10:28:57"
"9df5a92e-e798-4a8b-a855-1f61ada878e8";"127";"10";"charge";"Konseling 1on1 reservation";"2019-10-28 04:15:53"
"9e2d2f62-fb26-400e-a4c8-00195efad52b";"104";"0";"charge";"Free Tryout Registration: TryOut UTBK 2020 #1 - Saintek 66bf941f-17f7-4c60-b330-b8a9b5fe4be4";"2019-10-10 07:15:47"
"9ee8adb3-9a18-4be5-8206-86faf293803c";"128";"5";"charge";"Video Tryout Registration: TryOut UTBK 2020 #1 - Saintek STG 66bf941f-17f7-4c60-b330-b8a9b5fe4be4";"2019-12-25 19:21:05"
"9f210965-550d-4e56-b3da-8562d2f591aa";"123";"5";"topup";NULL;"2020-01-06 05:43:47"
"9f3ed996-fd01-4d33-a0bf-b09c62b37b90";"104";"0";"charge";"Free Tryout Registration: TryOut UTBK 2020 #1 66bf941f-17f7-4c60-b330-b8a9b5fe4be4";"2019-10-08 08:16:50"
"9fced9e4-0a6b-4add-bcca-361cffdbcdea";"123";"5";"topup";NULL;"2019-10-24 10:16:55"
"a01b720b-166f-4583-bf0c-db10408cf9c0";"120";"5";"topup";NULL;"2019-10-12 12:13:32"
"a07084e3-92d9-4984-a058-8b2b45b068e2";"43";"0";"charge";"Full Tryout Registration: Test PAS Semester 1 358e5fca-1ece-4735-8003-e429c08b86ab";"2019-11-29 02:10:53"
"a0aa5d70-2084-4beb-97be-252b327ea8cf";"123";"5";"topup";NULL;"2019-10-13 04:33:12"
"a0d32c6f-7c15-43ed-bedd-d13e577815ec";"127";"5";"charge";"Aptitude test reservation";"2019-11-29 04:45:08"
"a118a48c-9b15-40c9-83e9-e2d4d47f62fd";"127";"5";"charge";"Aptitude test reservation";"2019-11-14 05:06:42"
"a17cfe86-13c8-4b4a-b806-b55a4d4e76a3";"123";"5";"topup";NULL;"2020-01-03 10:10:02"
"a1a5365d-8d5e-4050-8f30-baa29cb51f33";"7";"5";"topup";NULL;"2019-10-13 04:33:07"
"a253e9e0-936c-4b02-ba0c-215c99633637";"43";"3";"charge";"Full Tryout Registration: TryOut UTBK 2020 #3 - Saintek STG 2adb73ac-f35e-4657-9c09-8db9cc02c1a4";"2019-12-14 18:10:21"
"a2d4a1d8-10b5-4550-9ee0-10a75b78a4fe";"127";"10";"charge";"Manual Booking: Konseling 1on1";"2019-10-23 04:09:35"
"a44b7024-051e-4aca-bfb5-36ca3c62938a";"127";"10";"charge";"Konseling 1on1 reservation";"2019-11-18 05:49:01"
"a450b4b0-72b8-45ef-a23a-1995866f9820";"122";"5";"topup";NULL;"2019-10-12 12:13:33"
"a46aba60-47e8-4d1d-a03e-9fd76b4f8b95";"139";"5";"charge";"Aptitude test reservation";"2019-12-11 08:10:56"
"a46ba06b-2256-4d5d-a11f-4f5ff45a6b60";"22";"5";"topup";NULL;"2019-10-12 12:13:25"
"a538f112-e886-4293-acb4-4fda8b003737";"127";"10";"charge";"Konseling 1on1 reservation";"2019-10-31 03:23:11"
"a577efe3-ffac-4d7e-b701-46b0592256eb";"104";"3";"charge";"Full Tryout Registration: TryOut UTBK 2020 #3 - Soshum STG de9b4a69-865b-497a-87b5-90cfcff42ea6";"2019-12-12 09:25:39"
"a5becacc-fc3b-4b9b-b08c-18ac569e3473";"123";"5";"charge";"Tryout UTBK";"2019-10-24 08:43:54"
"a5c6c252-c9e1-4607-9505-5acbbfb4e86a";"123";"5";"topup";NULL;"2019-10-12 12:13:33"
"a65cc1c5-28ff-4454-9c61-db60a763d594";"127";"10";"charge";"Konseling 1on1 reservation";"2019-10-30 13:49:07"
"a68c18c6-6c98-40e5-9b96-730680ddf60b";"127";"10";"charge";"Konseling 1on1 reservation";"2019-10-30 13:49:09"
"a69df6dd-a6a7-4a04-bc05-899fa81b2633";"123";"5";"topup";NULL;"2019-12-03 11:26:22"
"a6fb814a-221a-4bec-9c21-ee7332e8c546";"142";"5";"charge";"Full Tryout Registration: TryOut UTBK 2020 #1 - Saintek STG 66bf941f-17f7-4c60-b330-b8a9b5fe4be4";"2019-11-11 09:39:57"
"a701ddd9-7c79-4fd3-9bb2-7b81be5577bd";"148";"5";"topup";NULL;"2019-12-02 02:54:13"
"a71781b6-495f-489a-ba79-d94433091ead";"7";"0";"charge";"tes";"2019-12-30 08:29:18"
"a7c66e33-d4a5-4d06-bdb2-16acccb91955";"123";"6";"topup";"Coba topup";"2019-10-24 08:43:53"
"a7c85702-0c77-4c07-a299-d1d4e145380f";"47";"5";"charge";"Full Tryout Registration: TryOut UTBK 2020 #1 - Saintek 66bf941f-17f7-4c60-b330-b8a9b5fe4be4";"2019-10-11 08:35:56"
"a7fea5fb-1a3f-4c75-844b-461dfb34e52b";"24";"5";"topup";NULL;"2019-10-12 12:13:24"
"a80e198b-f549-46e8-be5e-2711c99c67ab";"127";"10";"charge";"Konseling 1on1 reservation";"2019-10-28 04:39:34"
"a8166393-ef3c-4cde-9368-1eed211c33f6";"123";"5";"charge";"Tryout UTBK";"2019-10-24 07:37:18"
"a9f2bd7c-7989-4e15-884c-c03f0ea2dc71";"127";"10";"charge";"Konseling 1on1 reservation";"2019-10-30 13:35:07"
"aa383bbc-5e25-4fb2-bcff-f00d95a686f0";"127";"10";"charge";"Konseling 1on1 reservation";"2019-10-30 13:49:12"
"aa8d333b-b2f2-47d9-8b55-a135bc3766e2";"123";"5";"topup";NULL;"2020-01-06 06:14:29"
"aba532d3-3e72-4efc-8adf-c345a422d158";"43";"3";"charge";"Full Tryout Registration: TryOut UTBK 2020 #3 - IPC STG 2f915617-0dfd-4e3f-a392-c3fc8df0ecb7";"2020-01-11 00:08:05"
"abb71fe0-c338-4894-80c9-db1172ac8703";"127";"5";"charge";"Aptitude test reservation";"2019-11-13 10:33:27"
"abd2ac0f-fb2c-4aeb-a604-b08a760e2d72";"127";"5";"charge";"Aptitude test reservation";"2019-11-14 04:04:08"
"abe7eafd-7dff-42eb-939d-8e2346e383cd";"155";"5";"charge";"Full Tryout Registration: TryOut UTBK 2020 #1 - Saintek STG 66bf941f-17f7-4c60-b330-b8a9b5fe4be4";"2020-01-07 03:44:34"
"acf2f89c-d81f-4518-ac3f-28df95f44034";"127";"0";"charge";"ASF";"2019-10-30 13:48:04"
"ada830bd-b6bd-475d-8cce-fd38b5b21dc0";"135";"5";"charge";"Aptitude test reservation";"2019-11-27 03:17:57"
"adbdca5b-ed8a-4b49-82cc-9c186783c7bf";"104";"5";"charge";"Full Tryout Registration: TryOut UTBK 2020 #1 - Saintek STG 66bf941f-17f7-4c60-b330-b8a9b5fe4be4";"2019-12-19 04:30:11"
"aed92ac3-52bb-4c3b-a47b-8d4203b705db";"127";"5";"charge";"Aptitude test reservation";"2019-11-14 03:49:32"
"af60813a-7822-41f2-a34c-956b8b50a5a8";"127";"5";"charge";"Aptitude test reservation";"2019-11-25 04:29:20"
"af9d6e1d-edd5-4319-ae94-831e6212d49e";"97";"5";"charge";"Full Tryout Registration: TryOut UTBK 2020 #1 - Saintek 66bf941f-17f7-4c60-b330-b8a9b5fe4be4";"2019-10-09 08:31:32"
"b000801d-dcdf-47e4-ba9c-d7383ff854cb";"135";"5";"charge";"Aptitude test reservation";"2019-11-29 10:37:06"
"b0e06dc1-cf28-4df5-ad02-49469b9dd812";"123";"5";"topup";NULL;"2019-10-24 04:18:13"
"b162bd12-5646-409f-94ff-e9a8a28da0be";"135";"5";"charge";"Aptitude test reservation";"2019-11-27 06:56:17"
"b19d86a5-7e4e-4450-a49d-71aa04d980b1";"123";"5";"topup";NULL;"2019-12-11 05:26:38"
"b242cc43-581f-4b04-b77a-acf31b3c4d65";"135";"5";"charge";"Aptitude test reservation";"2019-12-10 07:36:42"
"b2ef141c-8561-4945-bd0d-8f8b7482e5a3";"127";"0";"charge";"test";"2019-12-16 06:51:51"
"b2fd7afd-422b-4352-8836-60df5c17a405";"129";"5";"charge";"Aptitude test reservation";"2019-12-18 03:04:39"
"b314861d-986c-4aea-859d-2ace702ab116";"128";"0";"charge";"Pending Tryout Registration: TryOut UTBK 2020 #3 - Saintek STG 2adb73ac-f35e-4657-9c09-8db9cc02c1a4";"2019-12-13 13:21:11"
"b3595354-30e3-4ef6-8f14-3905b7e531eb";"135";"5";"charge";"Aptitude test reservation";"2019-11-28 11:01:16"
"b39a7893-8d1f-4711-8253-d8313627212e";"142";"0";"charge";"Pending Tryout Registration: TryOut UTBK 2020 #3 - IPC STG 2f915617-0dfd-4e3f-a392-c3fc8df0ecb7";"2019-12-13 11:17:51"
"b4113034-ff9a-4cc6-b77c-c651d9a61226";"127";"5";"charge";"Aptitude test reservation";"2019-11-13 03:43:58"
"b525075d-7174-4d2b-82e6-7097f58ed227";"127";"5";"charge";"Full Tryout Registration: TryOut UTBK 2020 #1 - Saintek 66bf941f-17f7-4c60-b330-b8a9b5fe4be4";"2019-10-10 06:04:30"
"b529535b-75be-4023-bab0-23a72d04dae2";"127";"10";"charge";"Konseling 1on1 reservation";"2019-10-29 07:23:17"
"b5ef4f38-d342-4756-a38e-b1f94011c9cc";"127";"0";"charge";"tes";"2019-12-30 08:27:55"
"b600e875-d70b-4e4c-b1b7-365d9f201f33";"21";"5";"topup";NULL;"2019-10-12 12:13:24"
"b80a2c80-e843-469f-a252-c43dab460776";"135";"10";"charge";"Konseling 1on1 reservation";"2019-10-31 04:16:55"
"b845e896-5945-467f-92ac-4c9cbeff4162";"127";"5";"charge";"Aptitude test reservation";"2019-11-25 07:48:06"
"b87f01fb-4bdf-4b81-bf37-04939527e4b9";"135";"5";"charge";"Aptitude test reservation";"2019-12-16 07:37:01"
"bb3976ac-c163-4be9-b107-519b76effcf1";"127";"5";"charge";"Aptitude test reservation";"2019-11-25 04:12:55"
"bb56d8d9-99b5-4ee2-a879-98138f528f83";"127";"5";"charge";"Aptitude test reservation";"2019-12-03 08:08:23"
"bc670674-97a0-48c5-8a87-3f835d5d9345";"127";"5";"charge";"Konseling 1on1 reservation";"2019-11-19 10:36:33"
"bcb5be8f-c598-4b53-9b66-e369af0c04f8";"127";"5";"charge";"Konseling 1on1 reservation";"2019-11-20 07:31:33"
"bd3348ea-042f-45b2-92c6-91859b707a36";"43";"3";"charge";"Full Tryout Registration: TryOut UTBK 2020 #3 - Saintek STG 2adb73ac-f35e-4657-9c09-8db9cc02c1a4";"2019-12-11 19:33:50"
"bd985f01-bbbf-4605-9097-e8087e79ffff";"123";"5";"topup";NULL;"2019-10-11 07:04:16"
"bdc785f0-a844-4cad-a0a6-d1acda463ba9";"127";"5";"charge";"Konseling 1on1 reservation";"2019-11-22 05:55:07"
"bde5daaf-673b-4751-9477-1b9e3068f4ad";"43";"0";"charge";"Free Tryout Registration: TryOut UTBK 2020 #3 - Soshum STG de9b4a69-865b-497a-87b5-90cfcff42ea6";"2019-12-17 12:15:15"
"bde7c313-54d3-485a-a604-5f35882aa904";"127";"10";"charge";"Konseling 1on1 reservation";"2019-10-31 03:48:02"
"be448da3-d133-45b8-9177-86c7fb855d94";"127";"10";"charge";"Konseling 1on1 reservation";"2019-10-28 03:58:34"
"beb9dd1d-801d-49e8-bb58-81d48d412105";"150";"5";"charge";"Full Tryout Registration: TryOut UTBK 2020 #1 - Saintek STG 66bf941f-17f7-4c60-b330-b8a9b5fe4be4";"2019-12-20 02:26:23"
"bef5249a-35a3-4d12-bfda-ccd54acf46c6";"97";"5";"charge";"Full Tryout Registration: TryOut UTBK 2020 #1 - Saintek 66bf941f-17f7-4c60-b330-b8a9b5fe4be4";"2019-10-09 11:24:03"
"c05ad1fb-5201-4260-ae97-fd2439e4e653";"135";"5";"charge";"Konseling 1on1 reservation";"2019-12-05 06:25:44"
"c05e76f6-9f6b-4260-8391-34dd4f29b0a3";"139";"5";"charge";"Full Tryout Registration: TryOut UTBK 2020 #1 - Soshum STG a705ffc8-6eed-407b-b02b-9b86bd31a252";"2019-11-11 07:48:34"
"c0657312-d197-40cd-964e-43bb81aa14dc";"104";"3";"charge";"Full Tryout Registration: TryOut UTBK 2020 #3 - Saintek STG 2adb73ac-f35e-4657-9c09-8db9cc02c1a4";"2019-12-12 04:00:22"
"c07dd809-3999-423c-955d-40d9074ad39a";"123";"5";"topup";NULL;"2020-01-10 03:52:35"
"c1b118dd-0b08-4221-af3e-8c3adafef4b3";"97";"0";"charge";"Pending Tryout Registration: TryOut UTBK 2020 #3 - Saintek STG 2adb73ac-f35e-4657-9c09-8db9cc02c1a4";"2019-12-15 15:00:52"
"c1bc6a35-adad-4128-ae43-33ee3e15cf90";"123";"0";"charge";"Pending Tryout Registration: TryOut UTBK 2020 #3 - Saintek STG 2adb73ac-f35e-4657-9c09-8db9cc02c1a4";"2019-12-13 11:58:48"
"c1fb8ba5-2da2-4cab-bd7e-7a45145955a2";"123";"5";"charge";"Full Tryout Registration: TEST TryOut UTBK 2020 #2 - Saintek STG 3910cbc4-ecd6-477c-b158-bd3064d3451a";"2019-12-20 03:38:55"
"c1ff3352-3fc3-4f1d-95aa-b3064fb950f8";"142";"5";"topup";NULL;"2019-11-11 08:03:31"
"c2108a39-c8c0-4a9e-810f-34d3f7e0e01f";"123";"5";"charge";"Full Tryout Registration: TryOut UTBK 2020 #1 - Soshum STG a705ffc8-6eed-407b-b02b-9b86bd31a252";"2019-11-28 02:17:55"
"c2140da1-43bc-435d-942c-8d46afef9ef7";"123";"6";"topup";"Coba topup";"2019-10-24 08:52:17"
"c24ce40d-d975-4a7b-9317-678abf2d67a0";"123";"1";"topup";NULL;"2019-10-09 09:25:49"
"c24da6c5-6484-4a4f-8565-a1175fe7dbeb";"136";"5";"charge";"Video Tryout Registration: TryOut UTBK 2020 #1 - Soshum STG a705ffc8-6eed-407b-b02b-9b86bd31a252";"2019-10-21 06:15:40"
"c2750458-9877-442b-a9d4-392e68d54280";"127";"5";"charge";"Konseling 1on1 reservation";"2019-11-19 04:05:53"
"c34fccb6-ee82-4cb1-b8c2-1f7ff1108134";"97";"0";"charge";"Free Tryout Registration: TryOut UTBK 2020 #1 - Soshum a705ffc8-6eed-407b-b02b-9b86bd31a252";"2019-10-09 11:54:48"
"c406ca30-0eed-49d7-add2-b4f3d9528757";"135";"10";"charge";"Konseling 1on1 reservation";"2019-10-31 03:43:03"
"c431f4d9-0e11-492d-a2f3-00c61b2e2e8a";"123";"0";"charge";"Pending Tryout Registration: TryOut UTBK 2020 #3 - Soshum STG de9b4a69-865b-497a-87b5-90cfcff42ea6";"2019-12-13 12:47:37"
"c4562971-8a05-4417-a501-ecd1e274bfd3";"123";"5";"topup";NULL;"2019-12-03 06:29:19"
"c6b2105e-f4b1-4c12-b2d6-f80ae247a73e";"21";"0";"charge";"Free Tryout Registration: TryOut UTBK 2020 #1 - Saintek 66bf941f-17f7-4c60-b330-b8a9b5fe4be4";"2019-10-14 11:18:25"
"c8eb3e01-b26e-451b-bf5f-0ffa965f5990";"135";"10";"charge";"Konseling 1on1 reservation";"2019-11-15 09:41:53"
"c9a161b3-3941-408e-8179-7f595e4c7e89";"127";"5";"charge";"Full Tryout Registration: TryOut UTBK 2020 #1 - Soshum STG a705ffc8-6eed-407b-b02b-9b86bd31a252";"2019-10-17 13:53:36"
"c9cb9e9a-ed2f-464c-93f8-7776b35cef80";"127";"10";"charge";"Konseling 1on1 reservation";"2019-10-29 07:46:30"
"ca3bd531-82b7-4a45-98bb-c5d0e13edf4f";"127";"5";"charge";"Konseling 1on1 reservation";"2019-11-22 04:04:43"
"ca6c34c7-7b58-4e39-af60-f28725b0b2cf";"123";"5";"topup";NULL;"2019-10-24 04:19:17"
"cb11164c-8eeb-426e-9efa-f1e952f58b68";"127";"5";"charge";"Aptitude test reservation";"2019-11-13 09:53:41"
"cb15c7d4-2f0c-4abf-aa47-bbf34104dcc7";"135";"10";"charge";"Konseling 1on1 reservation";"2019-10-31 04:09:12"
"cb1af5a4-e203-4d31-b039-fd98dcf1aba6";"123";"5";"topup";NULL;"2019-12-05 04:01:12"
"cb3f032a-4396-4a5c-b2df-a8a0d43b5537";"123";"5";"topup";NULL;"2019-12-03 06:09:42"
"cbc0d20d-1fb7-4819-b8d8-458dcc30f4cf";"127";"10";"charge";"Konseling 1on1 reservation";"2019-11-15 09:26:45"
"cbf25fec-504b-41af-b817-b3eccb502039";"97";"5";"charge";"Full Tryout Registration: TryOut UTBK 2020 #1 - Saintek 66bf941f-17f7-4c60-b330-b8a9b5fe4be4";"2019-10-09 08:38:59"
"cc8a0420-7f5d-4e1b-8d32-368895693fb6";"123";"5";"topup";NULL;"2019-12-03 06:54:23"
"cc9323e1-df7e-44d6-a4b2-6a736fbecbe4";"131";"5";"topup";NULL;"2019-10-13 04:33:15"
"ce5b1a8b-3a8b-44b5-94b7-e4144ac19aa6";"127";"0";"charge";"tes";"2019-12-30 07:44:26"
"cfc6b41e-7153-499c-9375-773164ae15a2";"123";"5";"topup";NULL;"2019-10-13 03:10:44"
"cfdd99a9-5c15-43d6-a544-bc2d07480dfe";"131";"5";"charge";"Full Tryout Registration: TryOut UTBK 2020 #1 - Soshum STG a705ffc8-6eed-407b-b02b-9b86bd31a252";"2019-10-17 04:05:37"
"d00f9042-ae61-4406-bb41-8ccd1581a3a6";"97";"5";"topup";"topup 5 diamond";"2019-10-09 06:41:48"
"d02602b9-6c43-48fd-8184-410df21081a3";"127";"5";"charge";"Aptitude test reservation";"2019-12-03 03:47:55"
"d033cf75-4842-461e-8869-27e58dd211ed";"127";"5";"charge";"Aptitude test reservation";"2019-11-13 10:34:18"
"d0ffe3bb-afd6-4a50-8bd0-9ce9366e8246";"123";"5";"topup";NULL;"2020-01-06 06:11:10"
"d104234b-135a-4fca-9609-2d3ba87cba7a";"23";"5";"topup";NULL;"2019-10-13 03:10:32"
"d152d2f4-1f95-4ced-b4e0-98dd84042a01";"122";"5";"topup";NULL;"2019-10-12 10:40:21"
"d44ba9a9-af79-4479-81b3-2823ad7eebf0";"127";"10";"charge";"Manual Booking: Konseling 1on1";"2019-10-25 07:45:26"
"d493fdd4-b0e1-4489-baef-d567939b4f85";"127";"10";"charge";"Konseling 1on1 reservation";"2019-10-30 03:52:34"
"d4d8b08c-d0fa-4607-8647-25c4ff56fe17";"127";"5";"charge";"Aptitude test reservation";"2019-11-14 05:05:20"
"d52e13b3-22c2-4d5b-ba94-f85075c9a53c";"104";"5";"charge";"Full Tryout Registration: TryOut UTBK 2020 #1 - Saintek STG 66bf941f-17f7-4c60-b330-b8a9b5fe4be4";"2019-11-14 03:09:38"
"d559d202-1356-4325-870a-4dc334601267";"97";"5";"topup";NULL;"2019-10-09 11:32:09"
"d56bf48b-d490-4f33-b8b3-53d11c89c4c3";"43";"5";"charge";"Konseling 1on1 reservation";"2019-12-03 08:09:31"
"d5d18359-c50a-4fdb-877b-c2c7d7b82d2c";"123";"5";"topup";NULL;"2019-10-10 08:18:17"
"d6ab438a-6903-4aa7-bc1d-1e3ccaf93600";"127";"5";"charge";"Aptitude test reservation";"2019-11-13 03:36:33"
"d72214db-1158-49c4-a8f4-8c98c5bd4ee4";"86";"5";"topup";NULL;"2019-10-13 04:33:10"
"d7fa9847-85f6-43df-bd84-321dcbe9f9c0";"43";"5";"charge";"Full Tryout Registration: TryOut UTBK 2020 #1 - Saintek 66bf941f-17f7-4c60-b330-b8a9b5fe4be4";"2019-10-13 15:22:59"
"d815790a-1053-4c75-afce-b80fb0b68634";"127";"10";"charge";"Konseling 1on1 reservation";"2019-11-15 06:53:52"
"d89745d5-fccc-4848-b4f2-4b4d5fcfce8a";"32";"0";"charge";"Free Tryout Registration: TryOut UTBK 2020 #1 - Saintek 66bf941f-17f7-4c60-b330-b8a9b5fe4be4";"2019-10-14 11:23:11"
"d8b285ca-ab65-485c-b7b6-b6c7fd4d5b01";"127";"5";"charge";"Aptitude test reservation";"2019-11-14 03:53:10"
"d8d8a81c-c357-47d5-8989-efd287c7befd";"123";"5";"topup";NULL;"2019-11-18 07:24:07"
"d9afbca5-a638-426a-b37a-cf03e55113ce";"131";"5";"topup";NULL;"2019-10-12 12:13:33"
"da0dfeb7-3292-4c8f-a8fa-62a3e2015aea";"123";"5";"topup";NULL;"2019-11-28 03:54:36"
"dc812f44-4776-47d6-b27a-c63fc8cd04a3";"135";"5";"charge";"Aptitude test reservation";"2019-11-26 03:30:15"
"dca8e15d-aab0-4a72-9e2f-495bfb56000d";"127";"5";"charge";"Konseling 1on1 reservation";"2019-11-20 07:47:18"
"dcd1d1b5-de31-40dc-beba-164ad0b3c22d";"123";"6";"topup";"Coba topup";"2019-10-24 07:40:55"
"dcd2423f-fd38-40fd-99d1-d4264dc25f9b";"128";"0";"charge";"Full Tryout Registration: Test PAS Semester 1 358e5fca-1ece-4735-8003-e429c08b86ab";"2019-11-29 07:26:13"
"dcfc3185-ce6c-4395-a920-3e7b8e20b4fc";"123";"5";"charge";"Full Tryout Registration: TryOut UTBK 2020 #1 - Saintek STG 66bf941f-17f7-4c60-b330-b8a9b5fe4be4";"2019-11-28 01:51:09"
"dd54a096-d08f-4fd6-be40-90b1f1447036";"127";"0";"charge";"ASF";"2019-10-30 13:47:47"
"dd6d4da6-5f5d-47b0-a4eb-2a105fe15f85";"127";"5";"charge";"Aptitude test reservation";"2019-11-13 04:04:11"
"ddcce352-7d1d-49d5-bc96-90295a477f75";"43";"5";"charge";"Konseling 1on1 reservation";"2019-12-21 00:18:00"
"de2ec15a-b00c-4d85-9d8d-920f9c9c073f";"127";"5";"charge";"Aptitude test reservation";"2019-11-13 10:07:55"
"de9567ef-b19e-4d3f-8d4e-938386a84c52";"7";"0";"charge";"tes";"2019-12-30 08:33:41"
"dee8d171-05b0-45c2-9c58-5d315e2d27ea";"129";"0";"charge";"Pending Tryout Registration: TryOut UTBK 2020 #3 - Soshum STG de9b4a69-865b-497a-87b5-90cfcff42ea6";"2019-12-13 13:07:26"
"df35dff7-d8af-46bc-a5a5-62b218306be3";"135";"10";"charge";"Konseling 1on1 reservation";"2019-11-15 09:38:48"
"dfb1e920-6da0-4c4f-b6a9-e93a6d7b4975";"150";"0";"charge";"Pending Tryout Registration: TryOut UTBK 2020 #3 - Saintek STG 2adb73ac-f35e-4657-9c09-8db9cc02c1a4";"2020-01-02 10:09:09"
"dffceba7-16ee-49ba-8a86-79017f50baab";"135";"5";"charge";"Manual Booking: Konseling 1on1";"2019-12-11 07:25:22"
"e0289799-6ab9-4166-a216-55b061b12058";"127";"10";"charge";"Konseling 1on1 reservation";"2019-10-28 05:16:23"
"e122650b-1906-4c40-803c-52abff573285";"120";"5";"topup";NULL;"2019-10-13 03:10:42"
"e1623101-f7a5-4d14-a61f-0b6bba83b7f0";"104";"3";"charge";"Full Tryout Registration: TryOut UTBK 2020 #3 - Saintek STG 2adb73ac-f35e-4657-9c09-8db9cc02c1a4";"2019-12-30 03:50:49"
"e1663eaf-3f51-4135-90b0-c63f87af27cb";"127";"5";"charge";"Aptitude test reservation";"2019-11-25 09:34:42"
"e21d5aa1-d314-4484-bb78-c38694d85c03";"127";"10";"charge";"Konseling 1on1 reservation";"2019-10-28 09:55:37"
"e39682e4-ba50-47eb-a1d5-99339f934381";"127";"5";"charge";"Aptitude test reservation";"2019-11-25 07:40:59"
"e3b3a2a8-4a14-4733-9130-2be9382b0a6f";"128";"5";"charge";"Video Tryout Registration: TryOut UTBK 2020 #1 - Saintek STG 66bf941f-17f7-4c60-b330-b8a9b5fe4be4";"2019-12-25 19:13:16"
"e465a977-e84a-4449-bb44-b9705642b533";"24";"5";"topup";NULL;"2019-10-13 03:10:32"
"e4a4acea-91b6-4a26-adbd-ee1215a34648";"131";"5";"topup";NULL;"2019-10-13 03:10:48"
"e4f60fdb-3fd3-47cd-9cf6-bcd1adbd4808";"123";"5";"topup";NULL;"2019-12-03 06:26:38"
"e53f9361-0539-4560-a138-4073875bf58d";"128";"5";"topup";NULL;"2019-10-13 03:10:46"
"e58418f5-82c5-461a-be26-aab5d6a0e0ab";"43";"3";"charge";"Full Tryout Registration: TryOut UTBK 2020 #3 - Saintek STG 2adb73ac-f35e-4657-9c09-8db9cc02c1a4";"2019-12-11 20:50:46"
"e5b068d2-3f03-4254-8f09-f827c1f8c5b3";"104";"5";"topup";NULL;"2019-10-13 03:10:37"
"e5c03040-a6d4-4dfe-b79f-2ab1694f0915";"127";"10";"charge";"Konseling 1on1 reservation";"2019-10-28 04:22:31"
"e6563547-271c-4ef4-ab8e-bc53e286dca2";"126";"5";"topup";NULL;"2019-10-12 12:13:32"
"e66e3b16-c090-4bf8-8959-6859c63a5e68";"119";"5";"topup";NULL;"2019-10-12 12:13:33"
"e66ef109-57ef-43ff-abb8-e1a72aeddec9";"127";"10";"charge";"Konseling 1on1 reservation";"2019-10-28 05:24:54"
"e66fc728-dbcb-4f00-a171-a9e6631838df";"123";"5";"topup";NULL;"2019-10-24 04:21:12"
"e710647a-f848-477e-9bf2-f6b22d9d9c7e";"127";"5";"charge";"Aptitude test reservation";"2019-11-25 04:23:21"
"e74043d4-ed28-4da0-b94d-b3fa78e37197";"142";"3";"charge";"Full Tryout Registration: TryOut UTBK 2020 #3 - Saintek STG 2adb73ac-f35e-4657-9c09-8db9cc02c1a4";"2019-12-12 10:03:01"
"e76dd7a1-d9ad-4b59-a5f4-947192eeee64";"127";"5";"charge";"Konseling 1on1 reservation";"2019-11-22 04:02:13"
"e79031e7-f1cd-4416-9155-63252181266e";"123";"5";"topup";NULL;"2019-10-24 02:54:14"
"e7ac3911-5bab-42a8-abe4-17f64372a954";"128";"5";"charge";"Full Tryout Registration: TEST TryOut UTBK 2020 #2 - Saintek STG 3910cbc4-ecd6-477c-b158-bd3064d3451a";"2019-12-19 02:55:25"
"e7da0047-0e60-4a32-bf5f-e8ae5d6acaff";"127";"10";"charge";"Manual Booking Konseling 1on1";"2019-10-22 06:00:17"
"e86ff79a-2ade-4c00-81dd-3e324585268c";"118";"5";"topup";NULL;"2019-10-13 03:10:40"
"e8c6fe1b-6421-4301-b66b-e88801c3ca6a";"127";"5";"charge";"Konseling 1on1 reservation";"2019-11-19 04:09:50"
"e93d6312-b437-4ee5-950a-c7bb99f05dac";"97";"5";"topup";NULL;"2019-10-13 03:10:36"
"e9d04359-cbdf-42cd-87e8-46283d230087";"123";"6";"topup";"Coba topup";"2019-10-24 07:37:18"
"e9fe3551-7cc0-4c88-a1d8-759381e97d60";"135";"5";"charge";"Aptitude test reservation";"2019-11-28 03:45:04"
"ea13391b-dbee-4736-8f8d-aaebed7b88b1";"43";"5";"charge";"Aptitude test reservation";"2019-12-10 12:00:04"
"ea6658e7-f1dc-4e8f-a7c8-c483d744ae5b";"128";"5";"charge";"Video Tryout Registration: TryOut UTBK 2020 #1 - Saintek STG 66bf941f-17f7-4c60-b330-b8a9b5fe4be4";"2019-12-25 19:41:57"
"ea777613-58fe-4c78-a261-4f2b593375df";"47";"5";"topup";NULL;"2019-10-12 12:13:26"
"eb88399f-2c4f-4fa1-94b0-702b92f03ed0";"132";"5";"topup";NULL;"2019-12-04 10:20:04"
"ed0f917d-1062-4367-827a-08c935a0eaf3";"135";"5";"charge";"Aptitude test reservation";"2019-11-27 03:13:47"
"ed1210cf-2018-413b-9442-f29ef9781b60";"127";"5";"charge";"Full Tryout Registration: TEST TryOut UTBK 2020 #2 - Saintek STG 3910cbc4-ecd6-477c-b158-bd3064d3451a";"2019-11-17 19:11:49"
"ed4f1bab-8c88-49af-8691-26c60e392a3f";"123";"5";"topup";NULL;"2019-12-04 03:57:22"
"ed78e93b-1c60-40bd-9ea3-de2af538940f";"104";"0";"charge";"Free Tryout Registration: TryOut UTBK 2020 #1 66bf941f-17f7-4c60-b330-b8a9b5fe4be4";"2019-10-08 08:34:17"
"ef7b7241-1b67-4750-98ce-20cf71a935c7";"22";"0";"charge";"Free Tryout Registration: TryOut UTBK 2020 #1 - Saintek 66bf941f-17f7-4c60-b330-b8a9b5fe4be4";"2019-10-14 11:18:26"
"eff2be87-dc4f-40fd-82ec-c4f6bf999b5c";"135";"5";"charge";"Aptitude test reservation";"2019-11-28 04:11:55"
"f04701ac-76c1-4f5d-b58f-6279cb937c82";"123";"5";"topup";NULL;"2019-12-05 03:46:30"
"f069bfb9-dab4-4dfc-917d-2db92f23a2a6";"120";"5";"topup";NULL;"2019-10-13 04:33:12"
"f1218982-d482-433b-8660-d91e09ec56cc";"127";"5";"charge";"Konseling 1on1 reservation";"2019-11-19 10:39:56"
"f1269858-0a38-4b83-a853-f38858e70164";"135";"5";"charge";"Aptitude test reservation";"2019-11-27 03:15:49"
"f1c728a4-d978-4bea-b6c6-5195defbf8ce";"123";"1";"topup";NULL;"2019-10-07 06:43:41"
"f208d730-76ed-4079-bca7-6889fd4e66a2";"128";"5";"charge";"Full Tryout Registration: TryOut UTBK 2020 #1 - Soshum STG a705ffc8-6eed-407b-b02b-9b86bd31a252";"2019-10-29 02:41:35"
"f37f2496-9578-4317-8b63-ca5e4bf47b5c";"127";"5";"topup";NULL;"2019-10-13 04:33:13"
"f3d73ffb-4c8b-4f3a-bb16-3202dc01b3ec";"127";"10";"charge";"Konseling 1on1 reservation";"2019-10-23 04:18:33"
"f41e7db9-2c08-4606-be3a-d07e9c274ed4";"127";"10";"charge";"Konseling 1on1 reservation";"2019-10-30 10:03:13"
"f428dfb7-1cb9-4581-808b-9ac752079bc7";"127";"5";"charge";"Aptitude test reservation";"2019-11-13 10:34:43"
"f4a33f5b-9de7-4829-8861-e97641c1e482";"127";"5";"charge";"Video Tryout Registration: TryOut UTBK 2020 #1 - Saintek STG 66bf941f-17f7-4c60-b330-b8a9b5fe4be4";"2019-11-27 08:12:15"
"f4c0e920-7fcf-4d16-9360-dab9194241e9";"127";"5";"charge";"Aptitude test reservation";"2019-12-03 05:32:39"
"f4e4b5a6-f8ae-477c-8874-2d8ad068ed6a";"127";"10";"charge";"Konseling 1on1 reservation";"2019-10-29 06:17:52"
"f520e30d-0f64-4619-9ad2-3c6317b0b0bb";"127";"5";"charge";"Aptitude test reservation";"2019-11-13 10:26:51"
"f669d881-b3bd-48a5-911f-aeb2f4cf6d49";"127";"10";"charge";"Konseling 1on1 reservation";"2019-10-30 13:34:57"
"f67d6394-fa77-42c5-9b63-c1f446c72a50";"127";"10";"charge";"Konseling 1on1 reservation";"2019-10-29 07:39:54"
"f6823d2b-24c7-4054-b698-982682dafaf3";"129";"5";"topup";NULL;"2019-10-12 12:13:33"
"f6cca60c-bcf6-4c4c-8244-34cbbf53698a";"127";"5";"charge";"Aptitude test reservation";"2019-11-13 03:38:16"
"f7260dc2-7dbb-49e0-8af9-97bb94d26246";"104";"5";"charge";"Full Tryout Registration: TEST TryOut UTBK 2020 #2 - Saintek STG 3910cbc4-ecd6-477c-b158-bd3064d3451a";"2020-01-03 09:22:06"
"f7699c54-dd9d-461d-b2b8-521c4518d20c";"135";"5";"charge";"Aptitude test reservation";"2019-11-29 03:51:05"
"f8f053a6-7313-4c36-aded-b8bc8e044524";"22";"5";"topup";NULL;"2019-10-13 03:10:30"
"f977543d-674f-40fc-9296-0e6b6999d2bf";"21";"5";"topup";NULL;"2019-10-13 03:10:30"
"f9a8b1b0-e345-466d-b478-9bfc12d49643";"123";"5";"topup";NULL;"2019-10-24 10:29:27"
"fa95249c-5f9f-405a-ade3-8a937dd7a649";"127";"5";"charge";"Konseling 1on1 reservation";"2019-11-22 04:00:29"
"fa959dfc-9640-4a79-9883-dacb99b983bf";"127";"10";"charge";"Konseling 1on1 reservation";"2019-10-28 04:03:04"
"fb695093-5aa7-42f4-8c39-8af706b4a8bc";"97";"5";"charge";"Full Tryout Registration: TryOut UTBK 2020 #1 66bf941f-17f7-4c60-b330-b8a9b5fe4be4";"2019-10-09 03:14:35"
"fbe8bd3a-40cc-49c9-9f2e-82a18d659388";"43";"0";"charge";"Pending Tryout Registration: TryOut UTBK 2020 #3 - Soshum STG de9b4a69-865b-497a-87b5-90cfcff42ea6";"2019-12-14 20:33:44"
"fc23e48a-af38-4f9e-90c0-d8dc66920ced";"150";"3";"charge";"Full Tryout Registration: TryOut UTBK 2020 #3 - Soshum STG de9b4a69-865b-497a-87b5-90cfcff42ea6";"2019-12-19 08:06:22"
"fc3018e0-ec34-47f3-82f7-0322bfc71f74";"43";"3";"charge";"Full Tryout Registration: TryOut UTBK 2020 #3 - Soshum STG de9b4a69-865b-497a-87b5-90cfcff42ea6";"2019-12-14 19:21:21"
"fc5243d0-5a31-4249-8e50-48657b161a6f";"127";"10";"charge";"Konseling 1on1 reservation";"2019-10-30 03:04:16"
"fdae3e0f-690d-4072-b5f1-e7e1d4091221";"127";"5";"charge";"Aptitude test reservation";"2019-11-25 07:36:21"
"fdb32627-7986-4c4a-b86b-28307d36b8b4";"129";"5";"charge";"Full Tryout Registration: TryOut UTBK 2020 #1 - Saintek STG 66bf941f-17f7-4c60-b330-b8a9b5fe4be4";"2019-11-27 22:50:52"
"fe090522-e63e-48ad-a468-31819056ab25";"43";"45";"topup";NULL;"2019-12-11 19:32:16"
"ff394cfc-54e0-48f8-a469-0a5cf806cc1e";"135";"5";"charge";"Aptitude test reservation";"2019-11-26 03:26:24"
"ff78dfa9-1d09-46fd-a20d-1d49f6a6402f";"43";"3";"charge";"Full Tryout Registration: TryOut UTBK 2020 #3 - Soshum STG de9b4a69-865b-497a-87b5-90cfcff42ea6";"2019-12-11 20:10:51"
"ffa51cb1-14a6-4022-9b96-35d2d038edb5";"127";"5";"charge";"Aptitude test reservation";"2019-11-13 09:55:48"
"fff3f64a-78c0-4605-bdcc-6459219946d9";"43";"5";"topup";"topup 5 diamond";"2019-10-09 02:39:55"
